{
    "af": {},
    "am": {},
    "ar": {},
    "az": {},
    "be": {},
    "bg": {},
    "bn": {},
    "ca": {},
    "ceb": {},
    "cs": {},
    "cy": {},
    "da": {},
    "de": {},
    "el": {},
    "en": {},
    "eo": {},
    "es": {},
    "et": {
        "short-sequences": {
            "u": 0.9180230295767641,
            "t": 0.9165417991163024,
            "punct": null,
            "acc_u": 0.5270935960591133,
            "acc_t": 0.5566502463054187,
            "acc_punct": null
        },
        "short-sequences-corrupted-asr": {
            "u": 0.8198776683619725,
            "t": 0.8139334270526614,
            "punct": null,
            "acc_u": 0.26108374384236455,
            "acc_t": 0.26108374384236455,
            "acc_punct": null
        }
    },
    "eu": {},
    "fa": {},
    "fi": {},
    "fr": {},
    "fy": {},
    "ga": {},
    "gd": {},
    "gl": {},
    "gu": {},
    "ha": {},
    "he": {},
    "hi": {},
    "hu": {},
    "hy": {},
    "id": {},
    "ig": {},
    "is": {},
    "it": {},
    "ja": {},
    "jv": {},
    "ka": {},
    "kk": {},
    "km": {},
    "kn": {},
    "ko": {},
    "ku": {},
    "ky": {},
    "la": {},
    "lt": {},
    "lv": {},
    "mg": {},
    "mk": {},
    "ml": {},
    "mn": {},
    "mr": {},
    "ms": {},
    "mt": {},
    "my": {},
    "ne": {},
    "nl": {},
    "no": {},
    "pa": {},
    "pl": {},
    "ps": {},
    "pt": {},
    "ro": {},
    "ru": {},
    "si": {},
    "sk": {},
    "sl": {
        "short-sequences": {
            "u": 0.9356535611667576,
            "t": 0.9345102152653473,
            "punct": null,
            "acc_u": 0.7796920821114369,
            "acc_t": 0.7796920821114369,
            "acc_punct": null
        },
        "short-sequences-corrupted-asr": {
            "u": 0.7004176389348676,
            "t": 0.7073805776335103,
            "punct": null,
            "acc_u": 0.2126099706744868,
            "acc_t": 0.22324046920821114,
            "acc_punct": null
        }
    },
    "sq": {},
    "sr": {
        "short-sequences": {
            "u": 0.9331013655462185,
            "t": 0.9468621129007158,
            "punct": null,
            "acc_u": 0.7291666666666666,
            "acc_t": 0.8020833333333334,
            "acc_punct": null
        },
        "short-sequences-corrupted-asr": {
            "u": 0.76494708994709,
            "t": 0.751862185846561,
            "punct": null,
            "acc_u": 0.2864583333333333,
            "acc_t": 0.2864583333333333,
            "acc_punct": null
        }
    },
    "sv": {},
    "ta": {},
    "te": {},
    "tg": {},
    "th": {},
    "tr": {},
    "uk": {},
    "ur": {},
    "uz": {},
    "vi": {},
    "xh": {},
    "yi": {},
    "yo": {},
    "zh": {},
    "zu": {},
    "tr-de": {},
    "es-en": {},
    "vi-en": {},
    "en-de": {
        "short-sequences": {
            "u": 0.903880519829076,
            "t": 0.9202434746668512,
            "punct": null,
            "acc_u": 0.6029106029106029,
            "acc_t": 0.6652806652806653,
            "acc_punct": null
        },
        "short-sequences-corrupted-asr": {
            "u": 0.761724197223827,
            "t": 0.7646821886950393,
            "punct": null,
            "acc_u": 0.24116424116424118,
            "acc_t": 0.24532224532224534,
            "acc_punct": null
        }
    }
}