{
    "af": {},
    "am": {},
    "ar": {},
    "az": {},
    "be": {},
    "bg": {},
    "bn": {},
    "ca": {},
    "ceb": {},
    "cs": {},
    "cy": {},
    "da": {},
    "de": {},
    "el": {},
    "en": {},
    "eo": {},
    "es": {},
    "et": {
        "short-sequences": {
            "u": 0.8829125840746824,
            "t": 0.8855245017115672,
            "punct": 0.9079843970929384,
            "acc_u": 0.4433497536945813,
            "acc_t": 0.4482758620689655,
            "acc_punct": 0.49261083743842365
        },
        "short-sequences-corrupted-asr": {
            "u": 0.6171645538960704,
            "t": 0.6602964233616042,
            "punct": 0.7486856297307082,
            "acc_u": 0.06403940886699508,
            "acc_t": 0.04926108374384237,
            "acc_punct": 0.14285714285714285
        }
    },
    "eu": {},
    "fa": {},
    "fi": {},
    "fr": {},
    "fy": {},
    "ga": {},
    "gd": {},
    "gl": {},
    "gu": {},
    "ha": {},
    "he": {},
    "hi": {},
    "hu": {},
    "hy": {},
    "id": {},
    "ig": {},
    "is": {},
    "it": {},
    "ja": {},
    "jv": {},
    "ka": {},
    "kk": {},
    "km": {},
    "kn": {},
    "ko": {},
    "ku": {},
    "ky": {},
    "la": {},
    "lt": {},
    "lv": {},
    "mg": {},
    "mk": {},
    "ml": {},
    "mn": {},
    "mr": {},
    "ms": {},
    "mt": {},
    "my": {},
    "ne": {},
    "nl": {},
    "no": {},
    "pa": {},
    "pl": {},
    "ps": {},
    "pt": {},
    "ro": {},
    "ru": {},
    "si": {},
    "sk": {},
    "sl": {
        "short-sequences": {
            "u": 0.9085448398131684,
            "t": 0.9079413245194037,
            "punct": 0.9398888858156581,
            "acc_u": 0.7078445747800587,
            "acc_t": 0.7041788856304986,
            "acc_punct": 0.8013196480938416
        },
        "short-sequences-corrupted-asr": {
            "u": 0.6414583936736389,
            "t": 0.5854873362034304,
            "punct": 0.7059886002083304,
            "acc_u": 0.17045454545454544,
            "acc_t": 0.10557184750733138,
            "acc_punct": 0.25549853372434017
        }
    },
    "sq": {},
    "sr": {
        "short-sequences": {
            "u": 0.9172517297517299,
            "t": 0.9172517297517299,
            "punct": 0.9489560786435787,
            "acc_u": 0.7135416666666666,
            "acc_t": 0.7135416666666666,
            "acc_punct": 0.8229166666666666
        },
        "short-sequences-corrupted-asr": {
            "u": 0.6433405425592925,
            "t": 0.605067551949703,
            "punct": 0.7221538299663299,
            "acc_u": 0.125,
            "acc_t": 0.07291666666666667,
            "acc_punct": 0.23958333333333334
        }
    },
    "sv": {},
    "ta": {},
    "te": {},
    "tg": {},
    "th": {},
    "tr": {},
    "uk": {},
    "ur": {},
    "uz": {},
    "vi": {},
    "xh": {},
    "yi": {},
    "yo": {},
    "zh": {},
    "zu": {},
    "tr-de_TR": {},
    "tr-de_DE": {},
    "es-en_ES": {},
    "es-en_EN": {},
    "vi-en_VI": {},
    "vi-en_EN": {},
    "en-de_EN": {
        "short-sequences": {
            "u": 0.8575288124071063,
            "t": 0.8717474920460222,
            "punct": 0.9640887802016966,
            "acc_u": 0.4490644490644491,
            "acc_t": 0.49480249480249483,
            "acc_punct": 0.8108108108108109
        },
        "short-sequences-corrupted-asr": {
            "u": 0.5723723655417591,
            "t": 0.5674015324486495,
            "punct": 0.6928170561931135,
            "acc_u": 0.08316008316008316,
            "acc_t": 0.06444906444906445,
            "acc_punct": 0.13305613305613306
        }
    },
    "en-de_DE": {
        "short-sequences": {
            "u": 0.8497220197841987,
            "t": 0.8627792628885667,
            "punct": 0.9597120673583887,
            "acc_u": 0.42411642411642414,
            "acc_t": 0.4698544698544699,
            "acc_punct": 0.7837837837837838
        },
        "short-sequences-corrupted-asr": {
            "u": 0.589604095022775,
            "t": 0.5967495537073375,
            "punct": 0.7116856667231113,
            "acc_u": 0.079002079002079,
            "acc_t": 0.058212058212058215,
            "acc_punct": 0.1600831600831601
        }
    }
}