{
    "en": {
        "lyrics-Alternative Metal": {
            "u": 0.4714284167569595,
            "t": 0.47982084373906,
            "punct": 0.5855454429942885,
            "acc_u": 0.025806451612903226,
            "acc_t": 0.012903225806451613,
            "acc_punct": 0.03870967741935484
        },
        "lyrics-Alternative Metal-corrupted-asr": {
            "u": 0.43648480793621064,
            "t": 0.4604803094604032,
            "punct": 0.5265806988231057,
            "acc_u": 0.0,
            "acc_t": 0.0,
            "acc_punct": 0.0
        },
        "lyrics-Alternative Rock": {
            "u": 0.4824696078860648,
            "t": 0.48983133140151014,
            "punct": 0.5993187660945967,
            "acc_u": 0.037383177570093455,
            "acc_t": 0.029205607476635514,
            "acc_punct": 0.054906542056074766
        },
        "lyrics-Alternative Rock-corrupted-asr": {
            "u": 0.43640531171583063,
            "t": 0.44259706032788393,
            "punct": 0.525731252187386,
            "acc_u": 0.0011682242990654205,
            "acc_t": 0.0035046728971962616,
            "acc_punct": 0.004672897196261682
        },
        "lyrics-Country": {
            "u": 0.45326577459277106,
            "t": 0.4501214536276475,
            "punct": 0.5651101524077704,
            "acc_u": 0.02531645569620253,
            "acc_t": 0.02109704641350211,
            "acc_punct": 0.03375527426160337
        },
        "lyrics-Country-corrupted-asr": {
            "u": 0.4126911040755251,
            "t": 0.4143327124233372,
            "punct": 0.4889273567702918,
            "acc_u": 0.0,
            "acc_t": 0.0,
            "acc_punct": 0.0028129395218002813
        },
        "lyrics-Gangsta Rap": {
            "u": 0.2252379379612935,
            "t": 0.3509258509945281,
            "punct": 0.4239974933951878,
            "acc_u": 0.0,
            "acc_t": 0.015625,
            "acc_punct": 0.0
        },
        "lyrics-Gangsta Rap-corrupted-asr": {
            "u": 0.15982379413322545,
            "t": 0.28490114551159473,
            "punct": 0.36406051800474215,
            "acc_u": 0.0,
            "acc_t": 0.0,
            "acc_punct": 0.0
        },
        "lyrics-Hard Rock": {
            "u": 0.4458674041487899,
            "t": 0.4526853653379654,
            "punct": 0.569722771864532,
            "acc_u": 0.018604651162790697,
            "acc_t": 0.0069767441860465115,
            "acc_punct": 0.02558139534883721
        },
        "lyrics-Hard Rock-corrupted-asr": {
            "u": 0.42751608292095555,
            "t": 0.4343916135531064,
            "punct": 0.5035860858456335,
            "acc_u": 0.0,
            "acc_t": 0.002325581395348837,
            "acc_punct": 0.0
        },
        "lyrics-Heavy Metal": {
            "u": 0.43886457842297516,
            "t": 0.4490574681625056,
            "punct": 0.5667979891072067,
            "acc_u": 0.009259259259259259,
            "acc_t": 0.009259259259259259,
            "acc_punct": 0.009259259259259259
        },
        "lyrics-Heavy Metal-corrupted-asr": {
            "u": 0.393621296912312,
            "t": 0.3934945620711774,
            "punct": 0.46480086909426704,
            "acc_u": 0.0,
            "acc_t": 0.0,
            "acc_punct": 0.0
        },
        "lyrics-Hip Hop": {
            "u": 0.26682530880199484,
            "t": 0.3248049129192988,
            "punct": 0.4393260345711645,
            "acc_u": 0.004642525533890436,
            "acc_t": 0.0064995357474466105,
            "acc_punct": 0.01021355617455896
        },
        "lyrics-Hip Hop-corrupted-asr": {
            "u": 0.20361034357274263,
            "t": 0.2743630466530315,
            "punct": 0.3692445767786846,
            "acc_u": 0.0,
            "acc_t": 0.0,
            "acc_punct": 0.0009285051067780873
        },
        "lyrics-Indie Rock": {
            "u": 0.45767240471309323,
            "t": 0.46953149729020266,
            "punct": 0.5626674725249013,
            "acc_u": 0.019672131147540985,
            "acc_t": 0.013114754098360656,
            "acc_punct": 0.02622950819672131
        },
        "lyrics-Indie Rock-corrupted-asr": {
            "u": 0.4482110973749633,
            "t": 0.45330284804628374,
            "punct": 0.523631843735176,
            "acc_u": 0.006557377049180328,
            "acc_t": 0.0,
            "acc_punct": 0.006557377049180328
        },
        "lyrics-Pop": {
            "u": 0.4531558595109399,
            "t": 0.45602665247591384,
            "punct": 0.5587700012489281,
            "acc_u": 0.028058361391694726,
            "acc_t": 0.02244668911335578,
            "acc_punct": 0.03591470258136925
        },
        "lyrics-Pop-corrupted-asr": {
            "u": 0.3948934440077052,
            "t": 0.39363373225066917,
            "punct": 0.47011445112257866,
            "acc_u": 0.0,
            "acc_t": 0.001122334455667789,
            "acc_punct": 0.001122334455667789
        },
        "lyrics-Pop Punk": {
            "u": 0.43000569904561575,
            "t": 0.4230568630503112,
            "punct": 0.5485745647453766,
            "acc_u": 0.0070921985815602835,
            "acc_t": 0.0070921985815602835,
            "acc_punct": 0.0
        },
        "lyrics-Pop Punk-corrupted-asr": {
            "u": 0.42193827374802717,
            "t": 0.41889833230226964,
            "punct": 0.500226895399416,
            "acc_u": 0.0,
            "acc_t": 0.0,
            "acc_punct": 0.0
        },
        "lyrics-Pop Rock": {
            "u": 0.46014219480734986,
            "t": 0.4557669191406876,
            "punct": 0.5748328248228198,
            "acc_u": 0.01699029126213592,
            "acc_t": 0.01699029126213592,
            "acc_punct": 0.050970873786407765
        },
        "lyrics-Pop Rock-corrupted-asr": {
            "u": 0.4012863623235893,
            "t": 0.40694459526623517,
            "punct": 0.4881655378755054,
            "acc_u": 0.0,
            "acc_t": 0.0,
            "acc_punct": 0.0024271844660194173
        },
        "lyrics-Punk Rock": {
            "u": 0.44859463097427427,
            "t": 0.45144534980546003,
            "punct": 0.5613527277076541,
            "acc_u": 0.010526315789473684,
            "acc_t": 0.015789473684210527,
            "acc_punct": 0.03684210526315789
        },
        "lyrics-Punk Rock-corrupted-asr": {
            "u": 0.46027058805618526,
            "t": 0.44948150382750346,
            "punct": 0.5245057274729023,
            "acc_u": 0.010526315789473684,
            "acc_t": 0.005263157894736842,
            "acc_punct": 0.021052631578947368
        },
        "lyrics-RnB": {
            "u": 0.3937693750817419,
            "t": 0.38843469216442317,
            "punct": 0.5136901998081873,
            "acc_u": 0.009836065573770493,
            "acc_t": 0.01092896174863388,
            "acc_punct": 0.025136612021857924
        },
        "lyrics-RnB-corrupted-asr": {
            "u": 0.3616762826646102,
            "t": 0.34806573903983234,
            "punct": 0.41459871473614246,
            "acc_u": 0.0,
            "acc_t": 0.0,
            "acc_punct": 0.001092896174863388
        },
        "lyrics-Rock": {
            "u": 0.48111768463717075,
            "t": 0.48019536830591436,
            "punct": 0.5754793155109519,
            "acc_u": 0.031302876480541454,
            "acc_t": 0.02030456852791878,
            "acc_punct": 0.04991539763113367
        },
        "lyrics-Rock-corrupted-asr": {
            "u": 0.4135269037501443,
            "t": 0.41552473403588147,
            "punct": 0.5145872657148876,
            "acc_u": 0.00338409475465313,
            "acc_t": 0.0025380710659898475,
            "acc_punct": 0.004230118443316413
        },
        "lyrics-Soul": {
            "u": 0.389016800235301,
            "t": 0.39020909277870286,
            "punct": 0.5249928343634843,
            "acc_u": 0.0,