{
    "en": {
        "lyrics-Alternative Metal": {
            "u": 0.4714284167569595,
            "t": 0.4795402694217955,
            "punct": 0.6045785596452294,
            "acc_u": 0.025806451612903226,
            "acc_t": 0.012903225806451613,
            "acc_punct": 0.03225806451612903
        },
        "lyrics-Alternative Metal-corrupted-asr": {
            "u": 0.43648480793621064,
            "t": 0.4640767115236401,
            "punct": 0.5417266559043615,
            "acc_u": 0.0,
            "acc_t": 0.0,
            "acc_punct": 0.0
        },
        "lyrics-Alternative Rock": {
            "u": 0.4824696078860648,
            "t": 0.49178273474197853,
            "punct": 0.6329907647171042,
            "acc_u": 0.037383177570093455,
            "acc_t": 0.030373831775700934,
            "acc_punct": 0.05724299065420561
        },
        "lyrics-Alternative Rock-corrupted-asr": {
            "u": 0.43640531171583063,
            "t": 0.4437378265813664,
            "punct": 0.5498425972561133,
            "acc_u": 0.0011682242990654205,
            "acc_t": 0.004672897196261682,
            "acc_punct": 0.0035046728971962616
        },
        "lyrics-Country": {
            "u": 0.45326577459277106,
            "t": 0.45300468718360654,
            "punct": 0.5891059634353808,
            "acc_u": 0.02531645569620253,
            "acc_t": 0.02109704641350211,
            "acc_punct": 0.03656821378340366
        },
        "lyrics-Country-corrupted-asr": {
            "u": 0.4126911040755251,
            "t": 0.41392721938941135,
            "punct": 0.5192411190546573,
            "acc_u": 0.0,
            "acc_t": 0.0,
            "acc_punct": 0.004219409282700422
        },
        "lyrics-Gangsta Rap": {
            "u": 0.2252379379612935,
            "t": 0.33747881105799615,
            "punct": 0.43932591821233463,
            "acc_u": 0.0,
            "acc_t": 0.015625,
            "acc_punct": 0.015625
        },
        "lyrics-Gangsta Rap-corrupted-asr": {
            "u": 0.15982379413322545,
            "t": 0.2855951251196227,
            "punct": 0.3948034106300934,
            "acc_u": 0.0,
            "acc_t": 0.0,
            "acc_punct": 0.0
        },
        "lyrics-Hard Rock": {
            "u": 0.4458674041487899,
            "t": 0.45918996681809665,
            "punct": 0.5948997810709413,
            "acc_u": 0.018604651162790697,
            "acc_t": 0.011627906976744186,
            "acc_punct": 0.037209302325581395
        },
        "lyrics-Hard Rock-corrupted-asr": {
            "u": 0.42751608292095555,
            "t": 0.438222993565981,
            "punct": 0.5259336350983038,
            "acc_u": 0.0,
            "acc_t": 0.002325581395348837,
            "acc_punct": 0.002325581395348837
        },
        "lyrics-Heavy Metal": {
            "u": 0.43886457842297516,
            "t": 0.4529400362944922,
            "punct": 0.5889103048291916,
            "acc_u": 0.009259259259259259,
            "acc_t": 0.009259259259259259,
            "acc_punct": 0.023148148148148147
        },
        "lyrics-Heavy Metal-corrupted-asr": {
            "u": 0.393621296912312,
            "t": 0.3934729795356966,
            "punct": 0.5120234009989637,
            "acc_u": 0.0,
            "acc_t": 0.0,
            "acc_punct": 0.004629629629629629
        },
        "lyrics-Hip Hop": {
            "u": 0.26682530880199484,
            "t": 0.3256795679057545,
            "punct": 0.4608203511830775,
            "acc_u": 0.004642525533890436,
            "acc_t": 0.004642525533890436,
            "acc_punct": 0.012999071494893221
        },
        "lyrics-Hip Hop-corrupted-asr": {
            "u": 0.20361034357274263,
            "t": 0.270917537234025,
            "punct": 0.3794199866710667,
            "acc_u": 0.0,
            "acc_t": 0.0,
            "acc_punct": 0.0
        },
        "lyrics-Indie Rock": {
            "u": 0.45767240471309323,
            "t": 0.47176191863698663,
            "punct": 0.6006239014690943,
            "acc_u": 0.019672131147540985,
            "acc_t": 0.013114754098360656,
            "acc_punct": 0.03278688524590164
        },
        "lyrics-Indie Rock-corrupted-asr": {
            "u": 0.4482110973749633,
            "t": 0.4515454864816756,
            "punct": 0.5484166792496219,
            "acc_u": 0.006557377049180328,
            "acc_t": 0.0,
            "acc_punct": 0.009836065573770493
        },
        "lyrics-Pop": {
            "u": 0.4531558595109399,
            "t": 0.4582876759067434,
            "punct": 0.5817968138103935,
            "acc_u": 0.028058361391694726,
            "acc_t": 0.02244668911335578,
            "acc_punct": 0.04264870931537598
        },
        "lyrics-Pop-corrupted-asr": {
            "u": 0.3948934440077052,
            "t": 0.4003138545726256,
            "punct": 0.493515901498656,
            "acc_u": 0.0,
            "acc_t": 0.001122334455667789,
            "acc_punct": 0.001122334455667789
        },
        "lyrics-Pop Punk": {
            "u": 0.43000569904561575,
            "t": 0.42018495207641243,
            "punct": 0.5745531265063477,
            "acc_u": 0.0070921985815602835,
            "acc_t": 0.0070921985815602835,
            "acc_punct": 0.0
        },
        "lyrics-Pop Punk-corrupted-asr": {
            "u": 0.42193827374802717,
            "t": 0.42187782231298926,
            "punct": 0.5309155405883286,
            "acc_u": 0.0,
            "acc_t": 0.0,
            "acc_punct": 0.0
        },
        "lyrics-Pop Rock": {
            "u": 0.46014219480734986,
            "t": 0.46072607222583,
            "punct": 0.58327223166007,
            "acc_u": 0.01699029126213592,
            "acc_t": 0.019417475728155338,
            "acc_punct": 0.050970873786407765
        },
        "lyrics-Pop Rock-corrupted-asr": {
            "u": 0.4012863623235893,
            "t": 0.40757455636979084,
            "punct": 0.5096269490438436,
            "acc_u": 0.0,
            "acc_t": 0.0,
            "acc_punct": 0.0048543689320388345
        },
        "lyrics-Punk Rock": {
            "u": 0.44859463097427427,
            "t": 0.45349935864547475,
            "punct": 0.5882064005807826,
            "acc_u": 0.010526315789473684,
            "acc_t": 0.010526315789473684,
            "acc_punct": 0.02631578947368421
        },
        "lyrics-Punk Rock-corrupted-asr": {
            "u": 0.46027058805618526,
            "t": 0.45473201197208996,
            "punct": 0.5561104450789125,
            "acc_u": 0.010526315789473684,
            "acc_t": 0.010526315789473684,
            "acc_punct": 0.015789473684210527
        },
        "lyrics-RnB": {
            "u": 0.3937693750817419,
            "t": 0.39602094549630157,
            "punct": 0.5347280752137566,
            "acc_u": 0.009836065573770493,
            "acc_t": 0.007650273224043716,
            "acc_punct": 0.024043715846994537
        },
        "lyrics-RnB-corrupted-asr": {
            "u": 0.3616762826646102,
            "t": 0.351425956224702,
            "punct": 0.43233707809157673,
            "acc_u": 0.0,
            "acc_t": 0.0,
            "acc_punct": 0.002185792349726776
        },
        "lyrics-Rock": {
            "u": 0.48111768463717075,
            "t": 0.4856364827122496,
            "punct": 0.6070942084709554,
            "acc_u": 0.031302876480541454,
            "acc_t": 0.02030456852791878,
            "acc_punct": 0.048223350253807105
        },
        "lyrics-Rock-corrupted-asr": {
            "u": 0.4135269037501443,
            "t": 0.4161043867328755,
            "punct": 0.5310123123126836,
            "acc_u": 0.00338409475465313,
            "acc_t": 0.0025380710659898475,
            "acc_punct": 0.00676818950930626
        },
        "lyrics-Soul": {
            "u": 0.389016800235301,
            "t": 0.4017853294353386,
            "punct": 0.5496621991159818,
            "acc_u": 0.0,