{
    "en": {
        "lyrics-Alternative Metal": {
            "u": 0.4714284167569595,
            "t": 0.4795402694217955,
            "punct": 0.6045785596452294,
            "acc_u": 0.025806451612903226,
            "acc_t": 0.012903225806451613,
            "acc_punct": 0.03225806451612903
        },
        "lyrics-Alternative Metal-corrupted-asr": {
            "u": 0.43648480793621064,
            "t": 0.4640767115236401,
            "punct": 0.5417266559043615,
            "acc_u": 0.0,
            "acc_t": 0.0,
            "acc_punct": 0.0
        },
        "lyrics-Alternative Rock": {
            "u": 0.4824696078860648,
            "t": 0.49234774868776526,
            "punct": 0.6299395626156862,
            "acc_u": 0.037383177570093455,
            "acc_t": 0.03154205607476635,
            "acc_punct": 0.056074766355140186
        },
        "lyrics-Alternative Rock-corrupted-asr": {
            "u": 0.43640531171583063,
            "t": 0.4437378265813664,
            "punct": 0.5489144879741099,
            "acc_u": 0.0011682242990654205,
            "acc_t": 0.004672897196261682,
            "acc_punct": 0.0035046728971962616
        },
        "lyrics-Country": {
            "u": 0.45326577459277106,
            "t": 0.45300468718360654,
            "punct": 0.588656592112457,
            "acc_u": 0.02531645569620253,
            "acc_t": 0.02109704641350211,
            "acc_punct": 0.040787623066104076
        },
        "lyrics-Country-corrupted-asr": {
            "u": 0.4126911040755251,
            "t": 0.4124837155278861,
            "punct": 0.5172117385205047,
            "acc_u": 0.0,
            "acc_t": 0.0,
            "acc_punct": 0.005625879043600563
        },
        "lyrics-Gangsta Rap": {
            "u": 0.2252379379612935,
            "t": 0.33747881105799615,
            "punct": 0.43932591821233463,
            "acc_u": 0.0,
            "acc_t": 0.015625,
            "acc_punct": 0.015625
        },
        "lyrics-Gangsta Rap-corrupted-asr": {
            "u": 0.15982379413322545,
            "t": 0.2855951251196227,
            "punct": 0.3948034106300934,
            "acc_u": 0.0,
            "acc_t": 0.0,
            "acc_punct": 0.0
        },
        "lyrics-Hard Rock": {
            "u": 0.4458674041487899,
            "t": 0.4599599179967258,
            "punct": 0.5938050151339006,
            "acc_u": 0.018604651162790697,
            "acc_t": 0.011627906976744186,
            "acc_punct": 0.04186046511627907
        },
        "lyrics-Hard Rock-corrupted-asr": {
            "u": 0.42751608292095555,
            "t": 0.43734373082662065,
            "punct": 0.519683840587878,
            "acc_u": 0.0,
            "acc_t": 0.002325581395348837,
            "acc_punct": 0.002325581395348837
        },
        "lyrics-Heavy Metal": {
            "u": 0.43886457842297516,
            "t": 0.4529400362944922,
            "punct": 0.5889103048291916,
            "acc_u": 0.009259259259259259,
            "acc_t": 0.009259259259259259,
            "acc_punct": 0.023148148148148147
        },
        "lyrics-Heavy Metal-corrupted-asr": {
            "u": 0.393621296912312,
            "t": 0.3934729795356966,
            "punct": 0.5120234009989637,
            "acc_u": 0.0,
            "acc_t": 0.0,
            "acc_punct": 0.004629629629629629
        },
        "lyrics-Hip Hop": {
            "u": 0.26682530880199484,
            "t": 0.3318018473257449,
            "punct": 0.46070753605078474,
            "acc_u": 0.004642525533890436,
            "acc_t": 0.002785515320334262,
            "acc_punct": 0.009285051067780872
        },
        "lyrics-Hip Hop-corrupted-asr": {
            "u": 0.20361034357274263,
            "t": 0.28068868235667843,
            "punct": 0.3760339804157275,
            "acc_u": 0.0,
            "acc_t": 0.0,
            "acc_punct": 0.0009285051067780873
        },
        "lyrics-Indie Rock": {
            "u": 0.45767240471309323,
            "t": 0.4730271969757203,
            "punct": 0.5978844925443441,
            "acc_u": 0.019672131147540985,
            "acc_t": 0.013114754098360656,
            "acc_punct": 0.03278688524590164
        },
        "lyrics-Indie Rock-corrupted-asr": {
            "u": 0.4482110973749633,
            "t": 0.4515454864816756,
            "punct": 0.5507110778551686,
            "acc_u": 0.006557377049180328,
            "acc_t": 0.0,
            "acc_punct": 0.009836065573770493
        },
        "lyrics-Pop": {
            "u": 0.4531558595109399,
            "t": 0.45776216459121305,
            "punct": 0.5769744456783863,
            "acc_u": 0.028058361391694726,
            "acc_t": 0.02356902356902357,
            "acc_punct": 0.04377104377104377
        },
        "lyrics-Pop-corrupted-asr": {
            "u": 0.3948934440077052,
            "t": 0.3980869754814845,
            "punct": 0.488590653656266,
            "acc_u": 0.0,
            "acc_t": 0.001122334455667789,
            "acc_punct": 0.001122334455667789
        },
        "lyrics-Pop Punk": {
            "u": 0.43000569904561575,
            "t": 0.42018495207641243,
            "punct": 0.5745531265063477,
            "acc_u": 0.0070921985815602835,
            "acc_t": 0.0070921985815602835,
            "acc_punct": 0.0
        },
        "lyrics-Pop Punk-corrupted-asr": {
            "u": 0.42193827374802717,
            "t": 0.42187782231298926,
            "punct": 0.5309155405883286,
            "acc_u": 0.0,
            "acc_t": 0.0,
            "acc_punct": 0.0
        },
        "lyrics-Pop Rock": {
            "u": 0.46014219480734986,
            "t": 0.46075634525932213,
            "punct": 0.5810873582221945,
            "acc_u": 0.01699029126213592,
            "acc_t": 0.021844660194174758,
            "acc_punct": 0.05339805825242718
        },
        "lyrics-Pop Rock-corrupted-asr": {
            "u": 0.4012863623235893,
            "t": 0.40757455636979084,
            "punct": 0.5121322188477768,
            "acc_u": 0.0,
            "acc_t": 0.0,
            "acc_punct": 0.0048543689320388345
        },
        "lyrics-Punk Rock": {
            "u": 0.44859463097427427,
            "t": 0.45349935864547475,
            "punct": 0.5882064005807826,
            "acc_u": 0.010526315789473684,
            "acc_t": 0.010526315789473684,
            "acc_punct": 0.02631578947368421
        },
        "lyrics-Punk Rock-corrupted-asr": {
            "u": 0.46027058805618526,
            "t": 0.45473201197208996,
            "punct": 0.5561104450789125,
            "acc_u": 0.010526315789473684,
            "acc_t": 0.010526315789473684,
            "acc_punct": 0.015789473684210527
        },
        "lyrics-RnB": {
            "u": 0.3937693750817419,
            "t": 0.39244475877305396,
            "punct": 0.5310143925169679,
            "acc_u": 0.009836065573770493,
            "acc_t": 0.006557377049180328,
            "acc_punct": 0.025136612021857924
        },
        "lyrics-RnB-corrupted-asr": {
            "u": 0.3616762826646102,
            "t": 0.35164818161065814,
            "punct": 0.43078043719114867,
            "acc_u": 0.0,
            "acc_t": 0.0,
            "acc_punct": 0.0
        },
        "lyrics-Rock": {
            "u": 0.48111768463717075,
            "t": 0.4836668387396376,
            "punct": 0.605372063815591,
            "acc_u": 0.031302876480541454,
            "acc_t": 0.021996615905245348,
            "acc_punct": 0.04991539763113367
        },
        "lyrics-Rock-corrupted-asr": {
            "u": 0.4135269037501443,
            "t": 0.4173835308916316,
            "punct": 0.5282926471426291,
            "acc_u": 0.00338409475465313,
            "acc_t": 0.00338409475465313,
            "acc_punct": 0.008460236886632826
        },
        "lyrics-Soul": {
            "u": 0.389016800235301,
            "t": 0.4017853294353386,
            "punct": 0.5496621991159818,